T[K],RRR20,RRR30,RRR40,RRR60,RRR80,RRR100,RRR300
3.0,93.98406205027003,144.47320639009925,194.5843808485786,283.7741999824396,385.1306299690125,472.876579378894,1505.4159688119116
3.9933110367892977,122.13539292732051,186.2819390642673,250.40072247565445,376.54853361591597,508.6298335571622,633.541241851523,1920.0562505063758
4.986622073578595,152.4535031151547,232.62878592370646,312.20235710637684,472.21378823603936,632.9476438008704,788.7246135492711,2371.792832252095
5.979933110367893,181.23511620422894,278.1523080777809,373.02057925349067,564.0519930262011,758.9998781089781,945.9752997751689,2830.530384527884
6.973244147157191,211.15831925301308,326.15398305995984,435.4112187141461,656.4139550117786,881.5119789561137,1098.3673414669004,3259.9821619912136
7.966555183946488,241.55935887031075,370.72282724024404,496.1666000986736,749.3036655548501,1008.6164256838364,1247.0839086897195,3629.545816103032
8.959866220735787,271.20341276717966,414.61743576476766,558.0710113552984,835.0890934302151,1126.0638961856182,1400.158778231317,4082.949115671761
9.953177257525084,299.05176768073324,461.45500041689985,613.3552796227011,925.2072860469514,1237.3159266256903,1541.34983476006,4409.729207590875
10.946488294314381,330.56986945405106,507.0219485034639,677.4838726287355,1013.0579073109658,1350.46414366742,1670.047949878691,4671.98400854554
11.939799331103679,359.4828038716572,549.8309051044358,733.3436251787892,1096.0817533752436,1459.430346990725,1786.6790944157297,4888.063968317911
12.933110367892976,387.6565352780459,591.1218021507271,788.1760153356809,1174.787637424191,1550.1777505818193,1896.702733649014,4946.261488720321
13.926421404682275,416.50856159051375,635.1593060241287,838.4446542923378,1244.9307583377617,1635.529899733609,2011.5187547334797,5134.861930572709
14.919732441471572,445.2099318584254,678.0240187175245,888.427950262148,1314.6948616026941,1723.5087027592995,2114.1620678762324,5244.61335576979
15.91304347826087,472.8847254515332,717.2972318690511,941.6715726002369,1386.1689585628235,1801.8954993127593,2197.823490991136,5289.264021552231
16.906354515050168,499.8822596732405,755.0771387865883,992.8849476712347,1452.0477324994129,1869.6238577424315,2278.043973836747,5300.279107647433
17.899665551839465,524.2891571572083,789.7969706200067,1035.667132576398,1511.663625210819,1937.9341113924534,2342.887390441133,5256.808036205361
18.892976588628763,547.5077025238677,824.7873822890595,1073.3360933721383,1557.233514865968,1996.1960886176594,2392.1078120393945,5226.693279593883
19.88628762541806,570.6515839946202,854.3426602722808,1107.121883859444,1595.759430353924,2039.6289791512509,2428.843216049872,5094.534308286734
20.879598662207357,589.8490891115237,880.4989173841337,1137.432676718305,1625.3564412424885,2070.384823331842,2445.9558266458776,4956.525617620451
21.872909698996654,613.5520915147775,906.4309640827373,1160.1163242031255,1648.5218880348862,2090.5163681629565,2444.8766877500607,4823.805774961566
22.86622073578595,631.5264655408357,930.09482867725,1182.9523675457112,1660.3607395264248,2095.8838966445674,2445.992445876001,4646.5184878794935
23.859531772575252,648.7358503069732,949.4897849420915,1205.9762466924785,1663.637180020801,2085.990610392415,2414.5144120231334,4474.806986872688
24.85284280936455,667.5683703448286,967.2673958988191,1220.0511445741354,1661.695940158413,2066.5821086390974,2388.216497294068,4354.9665464554455
25.846153846153847,682.0989443208434,984.9962731780583,1230.8107919326965,1663.9383127348572,2047.7872504282705,2353.9229212902933,4130.220977911548
26.839464882943144,694.8439299459371,996.8188632186855,1234.662333534021,1657.4329092328067,2020.872201485387,2310.6564513454446,3899.919497812917
27.83277591973244,708.5189317635884,1003.2778210958503,1236.2416655310267,1645.6497539098484,1985.537654636401,2263.238216744296,3679.8981275689985
28.82608695652174,720.7970808564027,1008.6969271456178,1233.8268649642364,1633.86659858689,1949.2043650345697,2211.2304256800157,3483.5091084010783
29.819397993311036,728.5217668177984,1014.1160331953853,1228.9049315109378,1613.7154656016796,1909.3338007617283,2156.2069853355765,3297.1431575317865
30.812709030100336,733.7803175953985,1015.3538377863338,1223.9829980576392,1589.7448594704395,1865.6448717684689,2098.2745838529036,3123.891452736406
31.806020066889634,736.2957808171774,1011.9443008550572,1216.8487821763608,1558.8388715470142,1818.6477640577718,2035.5180856561096,2962.7954335589066
32.79933110367893,737.723953748578,1003.3944793420568,1207.8432047640372,1527.6145637036532,1770.6642005444562,1965.1334253224798,2804.6863369370985
33.79264214046823,737.6432937890409,994.8446578290562,1188.6359379158887,1496.1818248405575,1719.9256062031934,1896.1244719566819,2651.7752257046895
34.785953177257525,736.9432021622267,986.2948363160557,1168.0763588960833,1461.042883497519,1668.6817217897487,1827.8928617520319,2499.8018550231513
35.779264214046826,735.0148199555284,977.7245211544529,1147.0409005052325,1424.966123409584,1616.296994187029,1759.6700223272937,2387.9571954327384
36.77257525083612,733.0864377488301,966.3153560227481,1125.4181347639426,1380.6541443550875,1562.8450783900064,1691.4494603311016,2256.1524793790663
37.76588628762542,728.0468931526119,948.2486770680562,1103.7953690226525,1336.3421653005905,1507.7115574813927,1624.7819390702477,2092.896016430667
38.759197324414714,722.3080207303705,930.1819981133643,1080.692567417223,1292.0301862460938,1452.9776804741764,1558.3954160117676,1959.1465833417817
39.752508361204015,715.5176236153296,912.1153191586724,1057.069094710092,1251.675120187488,1398.9436895435574,1496.4923081243965,1843.7596631290037
40.74581939799331,707.9262081043139,894.6753485232027,1033.1101306876624,1213.9606561261642,1346.602699223505,1435.7660300456944,1750.830542476423
41.73913043478261,700.3347925932981,879.372162156922,1008.4588597979016,1178.0809030744315,1300.0340546046789,1384.9592298477637,1663.511752012555
42.7324414715719,692.0834406238017,863.1586359673763,983.8075889081409,1143.8780943769993,1253.4654099858533,1340.1341428547025,1586.4766390013413
43.725752508361204,683.6421168080369,846.0169301105425,959.2377382365381,1109.6752856795672,1211.3338626168818,1295.6284880927597,1513.2604863032407
44.719063545150505,675.0672544085712,828.8752242537086,934.8290033628929,1075.4724769821348,1169.3301668519448,1252.0988022405495,1444.2163493007674
45.7123745819398,664.7563364589779,811.7335183968747,910.4714776210159,1043.4131577196395,1129.0224689342415,1208.5691163883396,1373.2812411066993
46.7056856187291,654.4454185093846,794.6151041240716,887.5818177595313,1012.8275973557469,1089.4294714932098,1165.1545174487428,1301.0459932547474
47.69899665551839,644.1386819931279,779.718754855744,864.692157898047,982.3788964212504,1050.9302868257425,1121.7523767384885,1248.82785002567
48.69230769230769,633.9146388795124,764.8224055874161,841.8024980365624,952.4820201544863,1014.803900498463,1081.6232807691874,1206.7286324709812
49.68561872909699,623.690595765897,748.8883271629029,818.912838175078,922.5851438877227,978.6775141711837,1043.4153040843455,1159.8076644364048
50.67892976588629,613.4665526522815,732.8323413080907,798.5194708096815,892.6882676209586,945.9111706033755,1005.3528011350229,1106.0046893384094
51.67224080267559,603.6904164797415,716.7763554532786,780.123801761725,862.7913913541946,914.7352588299661,967.7798814058877,1057.4839489685212
52.66555183946488,593.9155978715503,700.7203695984665,761.7281327137684,839.3166934827306,883.7093644433127,930.2069616767528,1025.427362797438
53.65886287625418,584.1407792633589,684.6643837436544,743.3324636658119,816.3598199771603,858.3158987765033,900.4893012806162,993.3707766263547
54.65217391304348,575.2799099709246,671.5420018280807,725.759301799478,794.1642839590045,832.9224331096941,873.0373616125781,959.3842150408362
55.64548494983278,566.6351007397463,658.9509207325448,710.6907014612701,775.4322841233867,808.58604178372,845.5854219445398,925.0481183641531
56.63879598662207,557.9902915085682,646.5635366295272,695.6221011230624,756.7002842877691,787.7222849146812,822.6470589558994,890.7120216874702
57.63210702341137,549.8510855256113,634.3448048321413,680.5535007848547,737.9682844521514,766.8585280456421,799.8975013906676,863.606101244414
58.62541806020067,542.2899560855369,622.1260730347556,666.4647309899385,719.2362846165337,746.5828689457021,777.1479438254356,840.9535757508464
59.618729096989966,534.7288266454626,609.9073412373699,652.7515657454165,701.5519616445447,729.6439480164337,759.3036394722087,818.301050257279
60.61204013377927,527.1676972053883,597.6886094399841,639.0384005008945,686.5658646966922,712.705027087165,741.6766637742469,795.7417743905079
61.60535117056856,519.9984121101899,585.4698776425985,625.3252352563725,671.5797677488397,695.7661061578965,724.0496880762852,773.5160065108321
62.59866220735786,513.6921412196336,577.1965660859854,611.6120700118504,656.5936708009871,680.1805748186085,707.2599630214668,751.2902386311561
63.591973244147155,507.3858703290773,569.3818011207773,598.1165016375905,644.7138267218222,664.7523377966446,691.1031950979052,730.23106444175
64.58528428093646,501.079599438521,561.6467625380665,589.1537844118037,632.905064701799,649.3241007746803,674.9464271743434,715.7816608890097
65.57859531772576,495.1695223021182,554.1400903295245,580.191067186017,621.0963026817758,635.6625463479346,659.1732812684314,701.3322573362694
66.57190635451505,489.4275512468388,546.6334181209826,571.2283499602303,609.2875406617527,624.0578004017818,647.0721093584045,686.8828537835292
67.56521739130434,483.6855801915594,539.1267459124406,563.1843446582108,597.4787786417296,612.4530544556292,634.9709374483776,672.8181672817549
68.55852842809365,477.9436091362799,531.6200737038985,555.3164953644608,585.6700166217063,600.8483085094763,622.8697655383505,659.0499973773261
69.55183946488295,472.7684146323612,524.1134014953566,547.448646070711,576.7874546901193,591.2764624140561,611.4133822473215,645.2818274728976
70.54515050167224,468.3071196491111,516.6067292868146,539.580796776961,568.4687340368287,582.0963300825088,601.4284582211637,631.5136575684691
71.53846153846153,463.84582466586096,509.3090799490214,531.7129474832112,560.150013383538,572.9161977509613,591.443534195006,617.7454876640405
72.53177257525084,459.3845296826108,504.4854744244346,525.1689194773946,552.2547656482336,563.7661791400317,581.4586101688482,604.5409621645418
73.52508361204013,455.05540793985654,499.66186889984783,519.7160506858135,546.1319181450029,556.6576946499717,573.4654368342324,595.611654414953
74.51839464882943,451.15230935185946,494.85274074944397,514.2631818942322,540.0090706417723,549.5492101599117,566.0468522940013,586.6823466653642
75.51170568561874,447.2492107638624,490.63140116180375,508.8103131026508,533.8862231385416,542.4407256698515,558.6282677537699,577.7530389157753
76.50501672240803,443.3461121758653,486.4100615741636,503.3574443110695,527.7633756353109,535.3322411797915,551.2096832135388,568.9484743526053
77.49832775919732,439.4430135878682,482.1887219865235,497.9719925471068,521.6405281320804,529.3389354043934,544.872666547406,563.790239304391
78.49163879598662,435.54872674512114,477.96738239888333,494.66006462832377,515.5176806288497,524.3859767385945,539.2520579718174,558.6320042561766
79.48494983277592,432.7946453995571,473.7460428112431,491.3481367095407,509.85209425054677,519.4330180727956,533.6314493962288,553.4737692079623
80.47826086956522,430.0405640539932,469.524703223603,488.03620879075766,505.27401436250784,514.4800594069967,528.0108408206403,548.3155341597479
81.47157190635451,427.2864827084292,465.30336363596285,484.72428087197466,500.6959344744689,509.63911589336374,522.7476861369147,543.1572991115336
82.4648829431438,424.53240136286524,461.3073080189143,481.4123529531916,496.1178545864299,504.99532842922594,518.2359428237181,537.9990640633192
83.45819397993311,421.77832001730127,459.0484323520856,478.1004250344085,491.5397746983909,500.3515409650881,513.7241995105215,532.696051989457
84.45150501672241,419.94509159093394,456.78955668525697,474.89070957953663,488.3188238233409,495.7077535009503,509.2124561973249,527.2848817826783
85.4448160535117,418.16222484555504,454.5306810184283,471.7931078612587,485.2666639890213,492.5646235065451,504.70071288412834,521.8737115758997
86.43812709030101,416.3793581001761,452.19121753814676,468.6955061429808,482.2145041547016,489.59562863448866,500.8913984267741,516.462541369121
87.4314381270903,414.5964913547972,449.7224524372104,465.59790442470285,479.162344320382,486.6266337624322,497.250455130199,511.05137116234243
88.4247491638796,412.8136246094183,447.253687336274,462.5003027064249,476.11018448606234,483.65763889037584,493.60951183362386,506.69247250572636
89.41806020066889,411.14189489788686,444.78492223533766,459.402700988147,473.2753175631418,480.6886440183194,489.9685685370487,503.4421509460263
90.4113712374582,409.5088986181351,442.3161571344013,456.3444044629471,470.55321790482304,477.71964914626295,486.3664177814661,500.1918293863261
91.40468227424749,407.8759023383834,439.8473920334649,454.1976530103055,467.8311182465044,474.7506542742065,483.66392294472274,496.94150782662604
92.39799331103679,406.2429060586317,437.37862693252856,452.05090155766385,465.1090185881857,471.7915358086805,480.9614281079793,493.6960096457599
93.3913043478261,404.60990977888,434.90986183159214,449.90415010502215,462.5471286325678,469.4109838092801,478.2589332712359,490.5603909473386
94.38461538461539,403.12422018438843,432.4410967306558,447.7573986523805,460.30763133381254,467.03043180987964,475.5564384344925,487.4247722489174
95.37792642140468,402.0197043604321,429.9884746600803,445.6106471997389,458.0681340350572,464.6498798104792,472.86151386289714,484.28915355049617
96.37123745819397,400.9151885364758,428.79771557811875,443.71982106364857,455.82863673630186,462.26932781107877,470.7583392410142,481.1535348520749
97.36454849498328,399.8106727125195,427.6069564961571,442.2386717838176,453.5891394375465,459.8887758116783,468.65516461913126,478.0179161536537
98.35785953177258,398.70615688856316,426.41619741419555,440.75752250398665,451.4216499192011,457.61425060628915,466.55198999724837,475.8999388094466
99.35117056856187,397.6016410646068,425.225438332234,439.2763732241557,449.6512305312295,455.6575155418617,464.4488153753655,473.80381102832456
100.34448160535118,396.49712524065046,424.06607144519495,437.7952239443247,447.8808111432578,453.7007804774342,462.34564075348254,471.70768324720245
101.33779264214047,395.8257846860014,422.9206653107663,435.929458858797,446.1103917552862,451.74404541300675,460.1025646115668,469.6115554660804
102.33110367892976,395.4032630852127,421.77525917633767,433.903506853725,444.33997236731454,449.7873103485793,457.80122151025495,467.51542768495835
103.32441471571906,394.980741484424,420.62985304190903,431.877554848653,442.5695529793429,447.8305752841518,455.4998784089432,465.41929990383625
104.31772575250837,394.5582198836354,419.4844469074804,429.85160284358096,440.7991335913713,445.87384021972434,453.19853530763135,463.3849804386759
105.31103678929766,394.1356982828467,418.33904077305175,427.825650838509,439.02871420339966,443.91710515529684,450.8971922063195,461.4446099971115
106.30434782608695,393.713176682058,417.1936346386231,425.882149379538,437.25829481542803,441.9603700908694,448.68080338406946,459.5042395555472
107.29765886287626,393.09897425772414,416.04822850419447,424.63405418593436,435.48787542745634,440.0036350264419,447.1809378684924,457.5638691139828
108.29096989966555,392.2323061917308,414.90282236976583,423.38595899233076,433.7174560394848,438.04689996201444,445.68107235291535,455.62349867241846
109.28428093645485,391.3656381257374,413.75741623533725,422.13786379872715,432.3594398803124,436.2327980567198,444.18120683733827,453.6831282308541
110.27759197324414,390.498970059744,412.6120101009086,420.88976860512355,431.00400512002375,435.0228978723063,442.68134132176124,451.90489338807964
111.27090301003345,389.6323019937506,411.51283366675057,419.64167341151995,429.6485703597351,433.81299768789285,441.18147580618415,450.18290671732103
112.26421404682274,388.7656339277572,410.52428225438916,418.39357821791634,428.2931355994465,432.60309750347943,439.71438793842935,448.4609200465625
113.25752508361204,387.98391891575193,409.53573084202776,417.14548302431274,426.9377008391579,431.39319731906596,438.3813364159663,446.7389333758039
114.25083612040135,387.58844306598814,408.54717942966636,415.8973878307091,425.5822660788693,430.1832971346525,437.04828489350325,445.0169467050453
115.24414715719064,387.19296721622436,407.55862801730495,415.0934459954883,424.4018660420484,429.0746178190271,435.71523337104026,443.29496003428676
116.23745819397993,386.7974913664606,406.69046025159116,414.4929690471992,423.22734098616735,428.0123073808048,434.3821818485772,441.79217139882235
117.23076923076923,386.4020155166968,406.1528701794184,413.89249209891005,422.05281593028633,426.94999694258263,433.0491303261142,440.64535877633284
118.22408026755853,386.00653966693295,405.61528010724567,413.29201515062095,420.87829087440525,425.88768650436043,431.71607880365116,439.49854615384334
119.21739130434783,385.61106381716917,405.0776900350729,412.69153820233186,419.7037658185242,424.82537606613823,430.9703636195671,438.35173353135383
120.21070234113712,385.2402871609433,404.5400999629002,412.09106125404276,418.5292407626431,423.763065627916,430.24889827814764,437.2049209088643
121.20401337792642,385.0575569223079,404.0025098907274,411.49058430575366,417.71056045256034,422.7007551896938,429.52743293672813,436.0581082863748
122.19732441471572,384.8748266836725,403.4649198185546,410.8901073574645,417.1211331670619,421.6384447514716,428.80596759530863,434.9802468309847
123.19063545150502,384.69209644503707,402.9273297463819,410.2896304091754,416.53170588156337,420.5761343132494,428.0845022538891,434.0525051060787
124.18394648829431,384.5093662064017,402.3897396742091,409.9239768621064,415.9422785960649,419.51382387502713,427.3630369124696,433.12476338117267
125.17725752508362,384.32663596776626,401.8521496020364,409.71323997845275,415.35285131056645,418.45151343680493,426.56433800471905,432.19702165626666
126.17056856187291,384.14390572913084,401.31455952986363,409.50250309479907,414.763424025068,417.38920299858273,425.63936610879347,431.2692799313606
127.1638795986622,383.96117549049546,400.7769694576909,409.29176621114544,414.1739967395695,416.90869041290824,424.7143942128679,430.3415382064546
128.1571906354515,383.6444015580058,400.2393793855181,409.0810293274918,413.7431175547424,416.5441084058254,423.7894223169423,429.41379648154856
129.1505016722408,383.27502476035954,399.70216745864076,408.87029244383814,413.3303785366417,416.1795263987426,422.8644504210167,428.48605475664255
130.1438127090301,382.9056479627133,399.2705781337375,408.6595555601845,412.917639518541,415.81494439165976,421.93947852509115,427.5304563216417
131.1371237458194,382.53627116506703,398.83898880883424,408.4488186765309,412.5049005004403,415.450362384577,421.01450662916557,426.52662672814495
132.1304347826087,382.16689436742075,398.407399483931,408.2380817928772,412.09216148233963,415.08578037749413,420.32493178298637,425.5227971346482
133.12374581939798,381.7975175697745,397.97581015902773,408.0273449092236,411.67942246423894,414.7211983704113,419.9411848863647,424.5189675411515
134.1170568561873,381.42814077212824,397.5442208341245,407.8166080255699,411.26668344613825,414.3566163633285,419.557437989743,423.5151379476547
135.1103678929766,381.23673487468807,397.1639009918182,407.6058711419163,411.06187741836806,413.99203435624565,419.1736910931213,422.51130835415796
136.1036789297659,381.27446890890695,397.06814684438655,407.39513425826266,410.9040976520961,413.6988069368763,418.7899441964996,421.50747876066123
137.09698996655518,381.31220294312584,396.97239269695496,407.184397374609,410.74631788582417,413.48088772906897,418.40619729987793,420.601345629949
138.09030100334448,381.3499369773448,396.87663854952336,406.9441673769134,410.5885381195522,413.2629685212617,418.02245040325624,420.2739679389548
139.08361204013377,381.38767101156367,396.7808844020918,406.67046987100514,410.4307583532802,413.0450493134544,417.65176366964425,419.94659024796067
140.07692307692307,381.42540504578255,396.6851302546602,406.39677236509687,410.2729785870083,412.82713010564714,417.39064326779504,419.6192125569665
141.0702341137124,381.4631390800015,396.5893761072286,406.1230748591886,410.11519882073634,412.60921089783983,417.1295228659458,419.2918348659723
142.06354515050168,381.5008731142204,396.49362195979694,405.8493773532803,409.95741905446437,412.3912916900325,416.86840246409656,418.9644571749781
143.05685618729098,381.41704802146506,396.39786781236535,405.575679847372,409.79834632615683,412.17337248222526,416.60728206224735,418.637079483984
144.05016722408027,381.23075027991047,396.30211366493376,405.3019823414637,409.63740429296416,411.95545327441795,416.34616166039814,418.3097017929898
145.04347826086956,381.0444525383558,396.20635951750216,405.02116842256237,409.47646225977155,411.73753406661064,416.0850412585489,417.98232410199563
146.03678929765886,380.8581547968012,396.1106053700706,404.7049419431312,409.31552022657894,411.5196148588034,415.8239208566997,417.65494641100145
147.03010033444815,380.6718570552466,396.014851222639,404.3887154637,409.15457819338627,411.30169565099607,415.7098434303248,417.3275687200073
148.02341137123747,380.48555931369197,395.91909707520733,404.07248898426883,408.99363616019366,411.08377644318875,415.8429331481418,417.1833375693055
149.01672240802677,380.29926157213737,395.82334292777574,403.75626250483765,408.832694127001,410.8658572353815,415.9760228659588,417.13810959736173
150.01003344481606,380.11296383058277,395.72758878034415,403.44003602540647,408.63255773469734,410.6479380275742,416.1091125837758,417.092881625418
151.00334448160535,379.9266660890281,395.6117919757528,403.1238095459753,408.38567452058726,410.43001881976693,416.24220230159284,417.04765365347424
151.99665551839465,379.86781753843565,395.4881179545205,402.80758306654417,408.1387913064772,410.0834345070204,416.3752920194098,417.0024256815305
152.98996655518394,379.8484620832298,395.3644439332882,402.491356587113,407.89190809236703,409.7336926936027,416.50838173722684,416.95719770958675
153.98327759197323,379.82910662802396,395.24076991205595,402.1751301076818,407.64502487825695,409.3839508801849,416.64147145504387,416.911969737643
154.97658862876256,379.80975117281815,395.11709589082363,401.85890362825063,407.39814166414686,409.0342090667672,416.59068432308334,416.86674176569926
155.96989966555185,379.7903957176123,394.9934218695914,401.54267714881945,407.1512584500368,408.6844672533494,415.8566488702872,416.8215137937555
156.96321070234114,379.7710402624065,394.86974784835905,401.22645066938827,406.9360177902533,408.3347254399317,415.122613417491,416.77628582181177
157.95652173913044,379.75168480720066,394.65624546846726,400.9102241899571,406.73563403029385,407.98498362651395,414.3885779646948,416.731057849868
158.94983277591973,379.7323293519948,394.43375868227383,400.59399771052597,406.53525027033436,407.6352418130962,413.6545425118986,416.68582987792433
159.94314381270902,379.712973896789,394.21127189608035,400.2777712310948,406.33486651037487,407.28549999967845,412.9205070591024,416.6440741198077
160.93645484949832,379.6936184415831,393.9887851098869,399.9615447516636,406.13448275041543,407.0064013180572,412.1864716063062,416.67110973930085
161.9297658862876,379.6742629863773,393.76629832369343,399.64531827223243,405.93409899045594,406.83750398995704,411.45243615351006,416.69814535879397
162.92307692307693,379.6268441790904,393.5438115375,399.32909179280125,405.7337152304965,406.66860666185687,410.71840070071386,416.725180978287
163.91638795986623,379.50308166938555,393.3213247513065,399.01286531337007,405.533331470537,406.4997093337567,410.4349029875285,416.75221659778015
164.90969899665552,379.3793191596807,393.0988379651131,398.6966388339389,405.3329477105775,406.3308120056565,410.4517423576702,416.77925221727327
165.90301003344482,379.25555664997574,392.8763511789196,398.38041235450777,405.1325639506181,406.16191467755635,410.46858172781185,416.30144160029107
166.8963210702341,379.13179414027087,392.6538643927262,398.0641858750766,404.9321801906586,405.9930173494562,410.4854210979535,415.6817869373985
167.8896321070234,379.008031630566,392.4313776065327,397.7479593956454,404.7317964306991,405.824120021356,410.50226046809513,415.0621322745059
168.8829431438127,378.8842691208611,392.20889082033926,397.43173291621423,404.53141267073966,405.6552226932558,410.5190998382368,414.4424776116134
169.87625418060202,378.7605066111562,391.9864040341458,397.25820162986855,404.33102891078016,405.4863253651556,410.53593920837847,413.82282294872084
170.8695652173913,378.6367441014513,391.76391724795235,397.2543392190764,404.13064515082067,405.31742803705544,410.55277857852013,413.20316828582827
171.8628762541806,378.51298159174644,391.54143046175886,397.2504768082843,403.93026139086123,405.14853070895526,410.5696179486618,412.5835136229357
172.8561872909699,378.38921908204156,391.31894367556544,397.2466143974922,403.7191173782604,404.9796333808551,410.4403910821196,411.9638589600431
173.8494983277592,378.36262439765665,391.09645688937195,397.2427519867,403.39525196574044,404.8107360527549,410.17192523042866,411.3442042971506
174.8428093645485,378.35981569342925,390.8739701031785,397.2388895759079,403.07138655322046,404.64183872465475,409.9034593787377,410.72454963425804
175.83612040133778,378.35700698920186,390.87221631815055,397.23502716511575,402.74752114070054,404.4729413965546,409.6349935270468,410.38737889763775
176.8294314381271,378.3541982849745,390.88272619413254,397.23116475432363,402.42365572818056,404.3040440684544,409.3665276753558,410.3148959616087
177.8227424749164,378.3513895807471,390.89323607011454,397.22730234353145,402.0997903156606,404.13514674035423,409.09806182366486,410.24241302557976
178.8160535117057,378.3485808765197,390.90374594609654,397.2234399327393,401.7759249031406,403.96624941225406,408.82959597197396,410.1699300895508
179.80936454849498,378.3457721722923,390.91425582207853,397.2195775219472,401.4520594906206,403.7973520841539,408.561130120283,410.09744715352184
180.80267558528428,378.34296346806485,390.9247656980605,397.215715111155,401.1281940781007,403.66010688650124,408.2926642685921,410.0249642174928
181.79598662207357,378.34015476383746,390.9352755740425,397.2118527003629,400.8043286655807,403.53617727131564,408.0393124705522,409.95248128146386
182.78929765886286,378.33734605961007,390.9419576225677,397.2079902895708,400.48046325306075,403.41224765613,407.85037615826826,409.8799983454349
183.7826086956522,378.3345373553827,390.7921486812161,397.20412787877865,400.15659784054077,403.2883180409443,407.6614398459844,409.80751540940594
184.77591973244148,378.3317286511553,390.6423397398644,397.20026546798647,399.8665296415703,403.16438842575866,407.47250353370043,409.7350324733769
185.76923076923077,378.3289199469279,390.4925307985127,397.19640305719435,399.6996909225837,403.040458810573,407.28356722141655,409.66254953734796
186.76254180602007,378.3279392099008,390.34272185716105,397.1925406464022,399.53285220359714,402.91652919538734,407.0946309091326,409.590066601319
187.75585284280936,378.3279392099008,390.19291291580936,397.1886782356101,399.3660134846105,402.7925995802017,406.9056945968487,409.51758366529003
188.74916387959865,378.3279392099008,390.0431039744577,397.1848158248179,399.1991747656239,402.668669965016,406.71675828456483,409.445100729261
189.74247491638795,378.3279392099008,389.893295033106,397.1809534140258,399.03233604663734,402.5447403498304,406.5278219722809,409.37261779323205
190.73578595317727,378.3279392099008,389.74348609175433,397.1528769229973,398.8654973276507,402.42081073464476,406.338885659997,409.2872902256545
191.72909698996656,378.3279392099008,389.5936771504027,397.08352416705344,398.6986586086641,402.2968811194591,406.14994934771306,408.9895932231231
192.72240802675586,378.3279392099008,389.443868209051,397.0141714111096,398.53181988967754,402.17295150427344,405.9349675470637,408.6918962205917
193.71571906354515,378.3279392099008,389.29405926769937,396.94481865516576,398.3649811706909,402.0490218890878,405.7135196478376,408.3941992180603
194.70903010033445,378.3279392099008,389.1442503263477,396.87546589922187,398.1981424517043,401.9250922739021,405.49207174861147,408.0965022155289
195.70234113712374,378.3279392099008,388.99444138499604,396.806113143278,398.03130373271773,401.80116265871646,405.27062384938534,407.7988052129975
196.69565217391303,378.3279392099008,388.84463244364434,396.7088854422728,397.8644650137311,401.67723304353086,405.0491759501592,407.5011082104661
197.68896321070235,378.32176673954984,388.69482350229265,396.58393947578185,397.6976262947445,401.5533034283452,404.82772805093305,407.20341120793466
198.68227424749165,378.2885795720407,388.545014560941,396.45899350929085,397.5307875757579,401.42937381315954,404.6062801517069,407.03446532364774
199.67558528428094,378.25539240453156,388.3952056195893,396.33404754279985,397.3639488567713,401.3054441979739,404.3848322524808,406.9667458484124
200.66889632107024,378.2222052370224,388.2453966782376,396.2091015763089,397.1971101377847,401.1815145827882,404.1633843532546,406.8990263731771
201.66220735785953,378.1890180695133,388.095587736886,396.0841556098179,397.0302714187981,401.05758496760257,403.9419364540285,406.8313068979418
202.65551839464882,378.15583090200414,387.9457787955343,395.9592096433269,396.86343269981154,400.9336553524169,403.7921006708126,406.76358742270645
203.64882943143812,378.122643734495,387.80274233063966,395.834263676836,396.6965939808249,400.8097257372313,404.16126686665154,406.69586794747113
204.64214046822744,378.0894565669858,387.70864658029154,395.709317710345,396.5297552618383,400.68579612204564,404.53043306249043,406.6281484722358
205.63545150501673,378.05626939947666,387.6145508299434,395.584371743854,396.36291654285174,400.56186650686,404.8995992583293,406.56042899700054
206.62876254180603,378.0230822319675,387.5204550795953,395.45942577736304,396.1960778238651,400.4379368916743,405.26876545416826,406.4927095217652
207.62207357859532,377.9898950644584,387.4263593292472,395.33447981087204,396.0292391048785,400.31400727648867,405.63793165000715,406.4249900465299
208.6153846153846,377.95670789694924,387.33226357889913,395.20953384438104,395.86240038589193,400.190077661303,406.00709784584603,406.3572705712946
209.6086956521739,377.9235207294401,387.238167828551,395.0845878778901,395.6955616669053,400.06614804611735,406.376264041685,406.28955109605926
210.6020066889632,377.89033356193096,387.1440720782029,394.9596419113991,395.5287229479187,399.94221843093175,406.74543023752386,406.22183162082393
211.59531772575252,377.99426970403795,387.0499763278548,394.8346959449081,395.3618842289321,399.8182888157461,407.1145964333628,406.1541121455886
212.58862876254182,378.1249227855045,386.950484098423,394.70974997841716,395.1950455099455,399.6943592005604,407.4837626292017,406.0863926703533
213.5819397993311,378.255575866971,386.843656365558,394.58480401192617,395.0282067909589,399.57042958537477,407.8529288250406,406.01867319511797
214.5752508361204,378.3862289484376,386.736828632693,394.45985804543517,394.8613680719723,399.4464999701891,407.33147736850526,405.91623835281604
215.5685618729097,378.51688202990414,386.630000899828,394.3349120789442,394.6945293529857,399.32257035500345,406.6541813057446,405.6145095365127
216.561872909699,378.64753511137064,386.52317316696303,394.20996611245323,394.5276906339991,399.1986407398178,405.9768852429839,405.3127807202093
217.55518394648828,378.7781881928372,386.41634543409805,394.08502014596223,394.3608519150125,399.07471112463213,405.2995891802232,405.01105190390587
218.5484949832776,378.90884127430377,386.30951770123306,393.9600741794713,394.1940131960259,398.95078150944653,404.6222931174625,404.70932308760246
219.5418060200669,379.0394943557703,386.2026899683681,393.8351282129803,394.0271744770393,398.82685189426087,403.9449970547018,404.40759427129905
220.5351170568562,379.17014743723684,386.0958622355031,393.7101822464893,393.8603357580527,398.7029222790752,403.2677009919411,404.10586545499564
221.5284280936455,379.3008005187034,385.9890345026381,393.58523627999836,393.69349703906613,398.57899266388955,402.5904049291804,403.8041366386922
222.52173913043478,379.4314536001699,385.8822067697731,393.46029031350736,393.5266583200795,398.4550630487039,401.91310886641975,403.7473391714438
223.51505016722408,379.56210668163646,385.77537903690813,393.3353443470164,393.3598196010929,398.33113343351823,401.23581280365903,403.7473391714438
224.50836120401337,379.59717216388543,385.66855130404315,393.2103983805254,393.1929808821063,398.2072038183326,400.55851674089837,403.7473391714438
225.5016722408027,379.34531616365905,385.5617235711781,393.0854524140344,393.0261421631197,398.08327420314697,399.88122067813765,403.7473391714438
226.49498327759198,379.0934601634326,385.4548958383131,392.9605064475435,392.8593034441331,397.9593445879613,399.687670664089,403.7473391714438
227.48829431438128,378.8416041632062,385.34806810544814,392.8355604810525,392.6924647251465,397.83541497277565,399.5153502727181,403.7473391714438
228.48160535117057,378.5897481629798,385.24124037258315,392.7106145145615,392.5256260061599,397.71148535759,399.34302988134715,403.7473391714438
229.47491638795987,378.3378921627534,385.13441263971816,392.5863986717178,392.3587872871733,397.58755574240433,399.17070948997616,403.7473391714438
230.46822742474916,378.08603616252697,385.0275849068532,392.48086023722556,392.1919485681867,397.4636261272187,398.99838909860523,403.7473391714438
231.46153846153845,377.8341801623006,384.9207571739882,392.3753218027333,392.0251098492001,397.339696512033,398.8260687072343,403.7473391714438
232.45484949832775,377.5823241620742,384.8139294411232,392.2697833682411,391.8582711302135,397.2157668968474,398.65374831586337,403.7473391714438
233.44816053511707,377.33046816184776,384.7071017082582,392.1642449337489,391.6914324112269,397.09183728166175,398.4814279244924,403.7473391714438
234.44147157190636,377.0786121616214,384.60027397539324,392.05870649925663,391.5245936922403,396.9679076664761,398.30910753312145,403.7473391714438
235.43478260869566,376.82675616139494,384.49344624252825,391.9531680647644,391.3577549732537,396.84397805129043,398.1367871417505,403.7473391714438
236.42809364548495,376.57490016116856,384.38661850966326,391.84762963027214,391.1909162542671,396.7200484361048,397.96446675037953,403.7473391714438
237.42140468227424,376.3230441609421,384.2797907767982,391.74209119577995,391.0240775352805,396.5961188209191,397.7921463590086,403.7473391714438
238.41471571906354,376.07118816071574,384.2764248126454,391.6365527612877,390.8572388162939,396.47218920573346,397.61982596763767,403.7473391714438
239.40802675585283,375.8193321604893,384.42350890475893,391.53101432679546,390.6904000973073,396.34825959054785,397.44750557626674,403.7473391714438
240.40133779264215,375.5674761602629,384.5705929968724,391.4254758923032,390.5235613783207,396.2243299753622,397.27518518489575,403.7473391714438
241.39464882943145,375.69731487976395,384.71767708898585,391.31993745781097,390.3567226593341,396.10040036017654,397.1028647935248,403.68604634481983
242.38795986622074,375.89198490726363,384.8647611810993,391.2143990233188,390.1898839403475,395.9764707449909,396.9305444021539,403.30983243204435
243.38127090301003,376.0866549347634,385.01184527321277,391.10886058882653,390.0230452213609,395.8525411298052,396.7582240107829,402.9336185192688
244.37458193979933,376.2813249622631,385.15892936532623,391.0033221543343,389.8562065023743,395.72861151461956,396.58590361941197,402.5574046064933
245.36789297658862,376.4759949897628,385.3060134574397,390.89778371984204,389.6893677833877,395.6046818994339,396.41358322804103,402.1811906937178
246.36120401337791,376.67066501726254,385.4530975495532,390.7922452853498,389.5225290644011,395.4807522842483,396.2412628366701,401.8049767809423
247.35451505016724,376.8653350447623,385.60018164166667,390.6867068508576,389.3556903454145,395.35682266906264,396.0689424452991,401.42876286816676
248.34782608695653,377.060005072262,385.5872298676886,390.58116841636536,389.1888516264279,395.232893053877,395.8966220539282,401.0525489553912
249.34113712374582,377.2546750997617,385.5452085323872,390.4756299818731,389.0220129074413,395.1089634386913,395.72430166255725,400.67633504261573
250.33444816053512,377.44934512726144,385.5031871970858,390.37009154738087,388.8551741884547,394.98503382350566,395.55198127118626,400.4494602960859
251.3277591973244,377.6440151547612,385.4611658617844,390.2645531128886,388.6883354694681,394.86110420832,395.37966087981533,400.4494602960859
252.3210702341137,377.83868518226086,385.419144526483,390.15901467839643,388.5214967504815,394.73717459313434,395.2073404884444,400.4494602960859
253.314381270903,378.0333552097606,385.3771231911816,390.0534762439042,388.3546580314949,394.6132449779487,395.03502009707347,400.4494602960859
254.30769230769232,378.22802523726034,385.3351018558802,389.94793780941194,388.1878193125083,394.4893153627631,394.8626997057025,400.4494602960859
255.30100334448161,378.42269526476,385.2930805205788,389.8423993749197,388.0209805935217,394.3653857475774,394.69037931433155,400.4494602960859
256.2943143812709,378.5325835257529,385.2510591852774,389.73686094042745,387.8541418745351,394.24145613239176,394.5180589229606,400.4494602960859
257.2876254180602,378.48354682689177,385.209037849976,389.63132250593526,387.6873031555485,394.1175265172061,394.34573853158963,400.4494602960859
258.2809364548495,378.43451012803064,385.16701651467463,389.525784071443,387.5204644365619,393.99359690202044,394.1734181402187,400.4494602960859
259.2742474916388,378.3854734291695,385.12499517937323,389.42024563695077,387.3536257175753,393.8696672868348,394.00109774884777,400.4494602960859
260.2675585284281,378.3364367303083,385.08297384407183,389.3147072024585,387.1867869985887,393.7457376716491,393.7987345622234,400.4494602960859
261.2608695652174,378.2874000314472,385.04095250877043,389.2091687679663,387.0199482796021,393.6218080564635,393.5773516335858,400.4494602960859
262.25418060200667,378.23836333258606,384.99893117346903,389.1036303334741,386.8531095606155,393.49787844127786,393.3559687049482,400.4494602960859
263.24749163879596,378.18932663372493,384.9569098381677,388.99809189898184,386.6862708416289,393.3739488260922,393.1345857763107,400.4494602960859
264.24080267558526,378.1402899348638,384.9148885028663,388.8925534644896,386.5194321226423,393.25001921090654,392.9132028476731,400.4494602960859
265.2341137123746,378.0912532360026,384.8728671675649,388.78701502999735,386.3525934036557,393.1260895957209,392.6918199190355,400.4494602960859
266.2274247491639,378.0422165371415,384.8308458322635,388.6814765955051,386.18575468466906,393.0021599805352,392.47043699039796,400.4494602960859
267.2207357859532,377.99317983828035,384.7888244969621,388.5759381610129,386.0189159656825,392.87823036534957,392.2490540617604,400.4494602960859
268.2140468227425,377.9441431394192,384.7468031616607,388.47039972652067,385.8520772466959,392.7543007501639,392.0276711331228,400.4494602960859
269.2073578595318,377.89510644055804,384.7047818263593,388.3648612920284,385.6852385277093,392.6303711349783,391.8062882044852,400.4494602960859
270.2006688963211,377.8460697416969,384.6627604910579,388.2593228575362,385.5183998087227,392.50644151979265,391.58490527584763,400.3888819895945
271.19397993311037,377.7970330428358,384.6207391557565,388.15378442304393,385.3515610897361,392.382511904607,391.36352234721005,399.9471499425194
272.18729096989966,377.74799634397465,384.5787178204551,388.04824598855174,385.1847223707495,392.2585822894213,391.14213941857247,399.5054178954443
273.18060200668896,377.69895964511346,384.5366964851537,387.9427075540595,385.0178836517629,392.13465267423567,390.9207564899349,399.0636858483692
274.17391304347825,377.67093110207315,384.4946751498523,387.83716911956725,384.8510449327763,392.01072305905,390.6993735612973,398.62195380129407
275.16722408026754,377.6971730270642,384.4526538145509,387.731630685075,384.6842062137897,391.8867934438644,390.4779906326598,398.18022175421896
276.16053511705684,377.7234149520552,384.4106324792495,387.6260922505828,384.51736749480307,391.76286382867875,390.2566077040222,397.73848970714386
277.15384615384613,377.74965687704616,384.3686111439481,387.52055381609057,384.3505287758165,391.6389342134931,390.0352247753846,397.29675766006875
278.1471571906354,377.77589880203715,384.3597569322217,387.4150153815983,384.1836900568299,391.5150045983074,389.81384184674704,396.8550256129937
279.1404682274248,377.8021407270282,384.3597569322217,387.3094769471061,384.01685133784326,391.39107498312177,389.59245891810946,396.41329356591854
280.13377926421407,377.8283826520192,384.3597569322217,387.20393851261383,383.8500126188567,391.2671453679361,389.3710759894719,395.97156151884343
281.12709030100336,377.85462457701016,384.3597569322217,387.0984000781216,383.6831738998701,391.14321575275045,389.1496930608343,395.5298294717684
282.12040133779266,377.88086650200114,384.3597569322217,386.9928616436294,383.51633518088346,391.0192861375648,388.9283101321967,395.0880974246933
283.11371237458195,377.9071084269921,384.3597569322217,386.88732320913715,383.3494964618969,390.8953565223792,388.70692720355913,394.64636537761817
284.10702341137124,377.93335035198317,384.3597569322217,386.7817847746449,383.1826577429103,390.77142690719353,388.48554427492155,394.9804500696626
285.10033444816054,377.95959227697415,384.3597569322217,386.67624634015266,383.0158190239237,390.64749729200787,388.26416134628397,395.3351074978392
286.09364548494983,377.98583420196513,384.3597569322217,386.57070790566047,382.8489803049371,390.5235676768222,388.04277841764645,395.6897649260158
287.0869565217391,378.0120761269561,384.3597569322217,386.4651694711682,382.6821415859505,390.39963806163655,387.82139548900886,396.04442235419236
288.0802675585284,378.03831805194716,384.3597569322217,386.359631036676,382.5153028669639,390.2757084464509,387.6000125603713,396.399079782369
289.0735785953177,378.06455997693814,384.3597569322217,386.25409260218373,382.34846414797727,390.15177883126523,387.3786296317337,396.7537372105456
290.066889632107,378.0908019019291,384.3597569322217,386.1485541676915,382.1816254289907,390.02784921607963,387.1572467030961,397.10839463872213
291.0602006688963,378.1170438269201,384.3597569322217,386.0430157331993,382.0147867100041,389.90391960089397,386.93586377445854,397.46305206689874
292.0535117056856,378.14328575191115,384.3597569322217,385.93747729870705,381.84794799101746,389.7799899857083,387.08679478763565,397.81770949507535
293.04682274247494,378.16952767690213,384.3597569322217,385.8319388642148,381.6811092720309,389.65606037052265,387.49862560178605,398.17236692325196
294.04013377926424,378.1957696018931,384.3597569322217,385.72640042972256,381.5142705530443,389.532130755337,387.91045641593644,398.5270243514285
295.03344481605353,378.2220115268841,384.3597569322217,385.6208619952303,381.34743183405766,389.40820114015133,388.32228723008683,398.8816817796051
296.0267558528428,378.24825345187514,384.3597569322217,385.5153235607381,381.1805931150711,389.2842715249657,388.73411804423716,399.2363392077817
297.0200668896321,378.2744953768661,384.3597569322217,385.4097851262459,381.0137543960845,389.1603419097801,389.14594885838756,399.5909966359583
298.0133779264214,378.3007373018571,384.3597569322217,385.30424669175363,380.84691567709785,389.0364122945944,389.5577796725379,399.9456540641349
299.0066889632107,378.3269792268481,384.3597569322217,385.1987082572614,380.6800769581113,388.91248267940875,389.9696104866883,400.3003114923115
300.0,378.35322115183914,384.3597569322217,385.09316982276914,380.5132382391247,388.7885530642231,390.3814413008387,400.6549689204881
